{"cameraMode":{"drawMode":0,"name":"Shaded","section":"Shading Mode"},"sceneLighting":false,"audioPlay":false,"sceneViewState":{"m_AlwaysRefresh":false,"showFog":true,"showSkybox":false,"showFlares":true,"showImageEffects":true,"showParticleSystems":true,"showVisualEffectGraphs":true,"m_FxEnabled":true},"in2DMode":false,"pivot":{"x":-0.1079554557800293,"y":0.008417099714279175,"z":0.020226120948791505},"rotation":{"x":-0.3151654899120331,"y":-0.060590554028749469,"z":0.02016705833375454,"w":-0.9468885660171509},"size":0.2660253643989563,"orthographic":false}